,,,,,,last,last,mean_tail,mean_tail,std_tail,std_tail
quantity,,,,,,Cd,Cl,Cd,Cl,Cd,Cl
turb,group,flux,x,y,z,,,,,,
kw,1,AUSM,1,2,2.0,0.1097397864262067,-1.276266106855406,0.10977179729804326,-1.2764547674538376,2.3167108205629373e-05,0.00013451357774263924
kw,1,Roe,1,2,2.0,0.09748266865102635,-1.280801938423703,0.09745308894398921,-1.2806691265426084,1.557486296820635e-05,0.00010836927214447028
kw,2,AUSM,1,1,1.0,0.1102681728405046,-1.279955687731895,0.11028147909008261,-1.2802110826169266,1.2739206495590893e-05,0.00018079165461398658
kw,2,AUSM,1,2,2.0,0.1097397864262067,-1.276266106855406,0.10977179729804326,-1.2764547674538376,2.3167108205629373e-05,0.00013451357774263924
kw,2,AUSM,2,1,1.0,0.03070995930942162,-1.439538463688142,0.02958983086843386,-1.4452724680797615,0.0011322817423074394,0.00691192503278112
kw,2,AUSM,2,2,2.0,0.02929772683683568,-1.44122527781747,0.02923840524280936,-1.4432134678894724,0.0007364009032274337,0.0044346685759675325
