model,baseline_u_rms_all,ama_300_u_rms_all,delta_u_rms_all,baseline_u_max_all,ama_300_u_max_all,delta_u_max_all
kw,0.10825172101926646,0.15056782033807642,0.04231609931880996,0.7765821476025297,1.9467511222728855,1.1701689746703559
sa,0.10510052128101482,0.14745612750783946,0.04235560622682463,0.7644260716357082,1.9362837218068605,1.1718576501711522
