,abs_last_minus_mean,abs_last_minus_mean,last,last,mean_tail,mean_tail,range_tail,range_tail,std_tail,std_tail
quantity,Cd,Cl,Cd,Cl,Cd,Cl,Cd,Cl,Cd,Cl
model,,,,,,,,,,
kw,1.3306249578015628e-05,0.00025539488503167895,0.1102681728405046,-1.279955687731895,0.11028147909008261,-1.2802110826169266,4.347584423930462e-05,0.0006150063192049693,1.2739206495590893e-05,0.00018079165461398658
sa,4.2902897740698664e-06,0.00015228269584821597,0.1051508538938532,-1.268407063340244,0.10515514418362727,-1.2682547806443958,3.1566645583389064e-05,0.00036099268555189745,8.50722386891111e-06,0.00010214730528265466
