u_model_mean,u_model_max,n_points
0.050073492929567386,0.9222261431069364,752
