label,file,n_points,cp_mean,cp_std,cp_min,cp_max,u_rms_pressure,u_max_pressure,u_rms_suction,u_max_suction,u_rms_all,u_max_all
kw_AUSM_111,kw\task4\kw_1_1_1_AUSM.txt,150,-0.264774536,0.7840962153724874,-2.02276,0.95368,0.09129923017198537,0.162803276472836,0.12288743132342309,0.7765821476025297,0.10825172101926646,0.7765821476025297
sa_AUSM_12,sa\task4\sa_1_2_AUSM.txt,150,-0.26161312133333336,0.7792364840078415,-2.01626,0.956124,0.08541469421082246,0.15721829707207985,0.12164114912295834,0.7644260716357082,0.10510052128101482,0.7644260716357082
RNG_5_first_AUSM,kw\task4\RNG_5_first_AUSM.txt,147,-0.2638435938775509,0.7698656374410289,-1.98804,0.957803,0.08765614594042147,0.15846702886769237,0.11981811798698282,0.7816349764429124,0.10497614328758464,0.7816349764429124
RNG_5_first_Roe,kw\task4\RNG_5_first_Roe.txt,147,-0.2840648115646259,0.7846762562753442,-2.04565,0.95453,0.08727096494808767,0.15975094270027307,0.11211138718135358,1.0067323014292104,0.1004618944144936,1.0067323014292104
RNG_5_second_AUSM,kw\task4\RNG_5_second_AUSM.txt,147,-0.45893041836734694,1.0202436144934361,-3.36694,0.965459,0.11333143150184685,0.4110372471598315,0.3064206284514696,2.493991185433,0.2310168986317358,2.493991185433
RNG_5_second_Roe,kw\task4\RNG_5_second_Roe.txt,147,-0.4514316885034013,1.012334428396896,-3.33749,0.963642,0.10942515988826455,0.4114207602153325,0.29555283165247725,2.559276539948999,0.22285123054895817,2.559276539948999
