label,model,file,n_points,u_rms_pressure,u_max_pressure,u_rms_suction,u_max_suction,u_rms_all,u_max_all
kw_case3,kw,kw\case3\kw_1_1_1_AUSM.txt,206,0.7432532369155711,1.318954860555132,0.5965010212284368,0.8306268444899707,0.6738838336508906,1.318954860555132
sa_case3,sa,sa\case3\sa_1_2_AUSM.txt,206,0.7591880641338634,1.338474267495947,0.4823194785531263,0.686726906257171,0.6360025928072474,1.338474267495947
