model,quantity,f1,f2,f3,h1,h2,h3,r21,r32,p,f_ext,ea21_percent,ea32_percent,gci21_percent,gci32_percent,asymptotic_ratio
kw,Cd,0.06958119498917927,0.07593002376138551,0.1102681728405046,0.001614550538108601,0.003229101076217202,0.006458202152434404,2.0,2.0,2.680004749738746,0.06840735109078158,9.124345698853787,45.22341410958688,2.108766417744455,10.451775953866756,0.7733922157438059
kw,Cl,-1.359594642764303,-1.363595745269363,-1.279955687731895,0.001614550538108601,0.003229101076217202,0.006458202152434404,2.0,2.0,4.453139085395676,-1.3594032413984105,0.29428642767560104,6.133786925313844,0.017597282295784413,0.3667786547938318,0.9515464924777002
sa,Cd,0.05374722160425958,0.07414817296218643,0.1051508538938532,0.001614550538108601,0.003229101076217202,0.006458202152434404,2.0,2.0,1.333233875921155,0.04032261431865599,37.95722039017926,41.811793457779885,31.221630823191383,34.39220169378075,0.43718072605965874
sa,Cl,-1.411488922202286,-1.348663173725476,-1.268407063340244,0.001614550538108601,0.003229101076217202,0.006458202152434404,2.0,2.0,1.1874129075619286,-1.460669908581084,4.451026677473718,5.950789785676189,4.355417319009393,5.82296507578533,0.5870397496677161
