model,variant,u_rms_pressure,u_max_pressure,u_rms_suction,u_max_suction,u_rms_all,u_max_all
kw,baseline,0.09129923017198537,0.162803276472836,0.12288743132342309,0.7765821476025297,0.10825172101926646,0.7765821476025297
kw,refine1,0.1135930465456896,0.2562411215481535,0.206569610766163,1.8861563838995452,0.1666949074141368,1.8861563838995452
kw,refine2,0.1088160289760618,0.3862317190802168,0.24394737068884767,2.589233649920078,0.1888799192981101,2.589233649920078
sa,baseline,0.08541469421082246,0.15721829707207985,0.12164114912295834,0.7644260716357082,0.10510052128101482,0.7644260716357082
sa,refine1,0.10622075080796803,0.1934292604345223,0.19783080384062748,1.8539781994763227,0.15877637552614252,1.8539781994763227
sa,refine2,0.13382269183970832,0.4061826744918038,0.30500544045798883,2.7553316842415687,0.23551733647461848,2.7553316842415687
